Company Name,Region,Category,Target Decision Maker Role,Recommended Email / Contact,Email Format Pattern,Why They Need CamAI,Custom Pitch Angle
CP PLUS (Aditya Infotech),India / Global,CCTV Hardware OEM,Chief Technology Officer / Head of Product,cto@cpplusworld.com / partnerships@cpplusworld.com,first.last@cpplusworld.com,CP PLUS manufactures CCTV cameras & NVRs but lacks in-house edge YOLOX/ANPR video analytics software to bundle with their hardware to compete with high-end AI cameras.,Turn-key AI Software License / White-Label OEM Bundle for CP PLUS NVRs & Desktop Workstations.
Matrix Comsec,India,Security & Telecom OEM,VP Engineering / Head of Security Products,tech.partnerships@matrixcomsec.com / product.management@matrixcomsec.com,first.last@matrixcomsec.com,Matrix produces IP surveillance and access control systems. CamAI's YOLOX detection + ANPR + Speed homography adds instant high-value AI capabilities.,Software IP Acquisition or White-Label Licensing for Matrix SATATYA VMS and IP Cameras.
Sparsh Surveillance (Samriddhi Automations),India,Make-in-India CCTV Manufacturer,Founder & MD / Chief Innovation Officer,md@sparshsecuritech.com / info@sparshsecuritech.com,first.last@sparshsecuritech.com,Sparsh is India's leading Make-in-India CCTV OEM looking for indigenous AI software stack for government and municipal tenders.,100% Indian Make-in-India Edge AI Video Analytics Stack for Government & Smart City Tenders.
Prama India (Prama Hikvision),India,Surveillance Systems Manufacturer,Head of Strategic Partnerships / CTO,partnerships@pramaindia.in / tech@pramaindia.in,first.last@pramaindia.in,Prama builds local surveillance solutions. CamAI provides on-premise desktop monitoring + cloud multi-tenancy without Chinese cloud dependency.,On-Premise Desktop Analytics & Multi-Tenant Cloud Portal with Complete Source Code Rights.
Videonetics Systems,India / APAC,Video Analytics OEM,Chief Product Officer / VP Strategy,cpo@videonetics.com / contact@videonetics.com,first.last@videonetics.com,Videonetics provides VMS & Traffic management. Acquiring CamAI adds lightweight OpenVINO/YOLOX edge pipeline & desktop Electron client.,Technology Acquisition to augment Traffic ANPR & Speed Enforcement Module.
Vehant Technologies,India / Middle East,Traffic & Physical Security AI OEM,CEO / VP Research & Development,ceo@vehant.com / rnd@vehant.com,first.last@vehant.com,"Vehant specializes in Under-Vehicle Surveillance & ANPR. CamAI offers an integrated 18-page technical briefing with desktop, mobile Telegram bot, and web SaaS.",Acquire complete IP & multi-tenant cloud Edge Functions for Smart City Expansion.
L&T Smart World & Communication,India / Middle East,Smart City System Integrator,Head of Technology Procurement / Smart City Lead,smartworld@intecc.com / tech.procurement@lntecc.com,first.last@lntecc.com,"L&T executes multi-million dollar Smart City CCTV projects for municipal corporations requiring ANPR, speed detection, and GIS floorplan mapping.",Full Software Asset & IP Acquisition for Municipal Traffic Tenders & Command Centers.
Honeywell Building Technologies,Global / India,Building & Security Systems Integrator,VP Security Products / Corporate Development,hbt.partnerships@honeywell.com / corp.dev@honeywell.com,first.last@honeywell.com,Honeywell integrates security systems worldwide. CamAI offers zero-cloud egress desktop software and instant Telegram incident dispatch.,Commercial Licensing / OEM Integration for Enterprise Security & Building Automation.
Siemens Infrastructure (Smart Infrastructure),Global,Industrial & Infrastructure Tech Integrator,Head of Digital Buildings / Venture Partnerships,smart.infrastructure@siemens.com / corp.m-a@siemens.com,first.last@siemens.com,Siemens deploys perimeter protection and smart facility monitoring. CamAI's Zone Studio with polygon drawing fits industrial plant safety.,Factory Safety & Restricted Zone Intrusion Analytics Licensing.
Allied Digital Services,India / US,Master System Integrator (MSI),CTO / Executive Director of Solutions,solutions@allieddigital.net / cto@allieddigital.net,first.last@allieddigital.net,Allied Digital deploys Smart City Safe City projects across India & USA. CamAI provides turnkey GIS mapping and live desktop operator grid.,Turnkey Safe City Video Analytics Engine & Multi-Tenant Command Software.
Technsys Systems Integrator,India / Gulf,Security System Integrator,Director of Technology / BD Manager,projects@technsys.in / bd@technsys.in,first.last@technsys.in,Technsys integrates CCTV for highways and toll plazas. CamAI provides homography speed estimation and ANPR plate recognition.,Toll Plaza & Highway Speed Gate Software Asset Licensing.
Milestone Systems,Global / Europe,Enterprise VMS Platform Vendor,VP Ecosystem & Alliances / Head of M&A,partner@milestonesys.com / corpdev@milestonesys.com,first.last@milestonesys.com,Milestone XProtect dominates VMS. CamAI provides lightweight OpenVINO edge AI engine and modern React/Supabase cloud portal.,Add-on Analytics Module or Source Code Acquisition for Milestone Marketplace.
Genetec,Global / North America,Enterprise VMS & Security Center,Director of Product Management / Strategic Alliance Lead,alliances@genetec.com / businessdev@genetec.com,first.last@genetec.com,Genetec Omnicast leads unified physical security. CamAI offers standalone edge desktop app with hardware-bound DPAPI licensing.,Technology Acquisition of CamAI Edge AI Engine & License Control Suite.
AllGoVision Technologies,India / Global,Video Analytics Product Vendor,Founder & CEO / Chief Product Architect,contact@allgovision.com / ceo@allgovision.com,first.last@allgovision.com,AllGoVision sells analytics modules. CamAI offers complete ready-to-deploy multi-tenant cloud backend with 21 Edge Functions.,"Acquire CamAI Cloud Architecture, Desktop Workstation & Telegram Bot Pipeline."
SIS Limited (Security & Intelligence Services),India / Australia / APAC,Security Services & Guarding Giant,Group CTO / Head of Digital Transformation,digital@sisindia.com / cto@sisindia.com,first.last@sisindia.com,SIS employs thousands of security guards and is actively upgrading to 'AI-assisted Virtual Guarding' and central remote monitoring.,Virtual Guarding AI Platform: Instant Telegram alert dispatch to field guards with snapshot evidence.
G4S India (Allied Universal),India / Global,Enterprise Physical & Electronic Security,Head of Technology Solutions / Commercial Director,tech.solutions@in.g4s.com / sales@in.g4s.com,first.last@g4s.com,G4S offers electronic surveillance monitoring. CamAI allows them to launch a white-label SaaS monitoring product for corporate clients.,White-Label AI Video Surveillance SaaS Platform for Commercial Facilities.
Securitas India,India / Global,Electronic Security & Remote Operations,VP Technology Operations / Innovation Lead,info@securitas.in / tech.operations@securitas.com,first.last@securitas.com,Securitas is transitioning to remote video monitoring center (SOC). CamAI's decoupled video & telemetry streaming prevents SOC bandwidth overload.,Remote Operations Center (SOC) Decoupled AI Telemetry Software Asset.
Kent Intelligent Transportation,India,ITS & Highway Traffic Integrator,Managing Director / Chief System Architect,info@kentits.com / tech@kentits.com,first.last@kentits.com,Kent ITS builds electronic toll collection & highway surveillance. CamAI delivers homography speed gates and ANPR optical recognition.,Homography Speed Gate & ANPR Engine Software Asset Licensing.
Logicgrid Industrial Solutions,India / UAE,Industrial IoT & Vision Integrator,Head of Vision AI / Managing Director,contact@logicgrid.in / director@logicgrid.in,first.last@logicgrid.in,"Logicgrid builds industrial automation. CamAI provides factory mode headcount, restricted zone polygon drawing, and schedule gating.",Factory Safety & Perimeter Intrusion Detection Engine Acquisition.
